Model,Accuracy,Precision,Recall,F1-Score
Logistic Regression,0.8916666666666667,0.858433734939759,0.9405940594059405,0.8976377952755905
Naive Bayes,0.895,0.8614457831325302,0.9438943894389439,0.9007874015748032
Linear SVM,0.8916666666666667,0.8628048780487805,0.933993399339934,0.8969889064976229
Random Forest,0.8966666666666666,0.8662613981762918,0.9405940594059405,0.9018987341772152
