Model,RMSE,MAE,R² Score
ARIMA,51.324198027123586,44.945012427264665,-2.535766749517636
Prophet,9.845002807232621,7.80136137345559,0.8699019005867998
LSTM,63.65125796634141,53.831059284615144,-4.438175836881973
