Model,RMSE,MAE,Precision@10,Recall@10
SVD (Collaborative),1.1332687589529955,0.8823704055091423,,
Content-Based,,,0.0030000000000000005,
Hybrid,,,0.0030000000000000005,0.004285714285714285
